{
  "starting_equity": 25000.0,
  "total_realized_pnl": 8.280000000000015,
  "today_realized_pnl": 8.280000000000015,
  "today_date": "2026-03-05",
  "peak_equity": 25024.87,
  "total_trades": 1,
  "winning_trades": 1,
  "losing_trades": 0,
  "best_trade": 8.280000000000015,
  "worst_trade": 0
}