{
  "equity": 25418.37,
  "starting_equity": 25000.0,
  "ath_equity": 25970.07,
  "start_date": 1772721512.2298958,
  "wash_sale_list": {
    "TTD": {
      "loss": -29.13,
      "exit_time": 1772721977.378656
    }
  },
  "round_trips": []
}